TN,STAR_ID,BINNING,AO_FRAMERATE,SEEING_MEDIAN,WFS_MAG_MEDIAN,LAMBDA_LUCI,SR_LUCI,SR_SLOPES_CASE,SR_SLOPES_TTFREE_CASE,TT_RESIDUAL_NM,std_fit,std_temp,std_vibr,std_alias,std_meas,std_tt,std_total,sr_estimation,TT_RESIDUAL_EB_NM,TT_RESIDUAL_DIFF_NM,TT_RESIDUAL_RATIO,SR_SAEB,SR_DIFF,SR_ESTIMATION
20230507_055501,G 223-36,2,877.0,0.73978305,13.333983,1646.0,0.48637551069259644,0.5721490383148193,0.5991960167884827,56.43839157114885,115.6089850436497,81.41560645241682,0.0,41.002316354591514,86.76202382532814,51.84406860399755,170.8882006504441,0.7880464616135973,51.84406860399755,4.5943229671512995,1.0886181021448043,0.6534271836280823,0.16705167293548584,0.7880464616135973
20230428_075123,G135-21,2,1040.0,1.1001554,12.84675,1646.0,0.32197752594947815,0.3318954110145569,0.3706558048725128,87.27598931085593,160.9223214671335,95.60357588854404,0.0,84.07071265891125,116.71564132286856,76.99259483405089,236.06453127361974,0.6347373926864949,76.99259483405089,10.283394476805043,1.1335634225469315,0.4439646005630493,0.12198707461357117,0.6347373926864949
20230507_040653,HD 238049,1,1700.0,0.58211565,10.259104,1646.0,0.727869987487793,0.8037834763526917,0.8358137011528015,51.91084688376297,57.62464369480652,32.89860110062448,0.0,11.57026644475546,33.38413409180248,13.756998748772805,75.17505563678353,0.9549504193439159,13.756998748772805,38.15384813499017,3.7734136516072363,0.9209524393081665,0.19308245182037354,0.9549504193439159
20230507_030749,HD 87705,1,1700.0,0.51630044,8.9952755,1646.0,0.5962333083152771,0.8195846676826477,0.8556289076805115,54.479791165683395,52.14178998361576,22.523378699785237,0.0,10.094991185345128,22.69959339502897,9.49722693195565,61.99394517274466,0.9691380383441659,9.49722693195565,44.98256423372774,5.736389322484582,0.945537805557251,0.3493044972419739,0.9691380383441659
20230427_083640,LP 134-72,3,278.0,1.0277046,16.005676,2200.0,0.2876133918762207,0.2884547710418701,0.37334030866622925,133.37473663567104,222.135630062207,218.18986016817217,0.0,141.87304708054015,285.7746879802634,194.60631779035486,445.8095860358706,0.19767864009790265,194.60631779035486,-61.23158115468382,0.6853566633913332,0.19767864048480988,-0.08993475139141083,0.19767864009790265
20230427_111423,LP 227-9,2,783.0,0.48520866,14.006664,1646.0,0.3906431198120117,0.6128132939338684,0.6781057715415955,83.55770675636053,81.34765946521725,64.14274356879284,0.0,22.296420283568768,82.98425426993398,42.376621602080654,134.59290496604737,0.8626375872805685,42.376621602080654,41.18108515427988,1.9717878301147518,0.76800137758255,0.37735825777053833,0.8626375872805685
20230427_100522,LP 228-31,4,170.0,1.2961287,17.573133,2200.0,0.2571897506713867,0.05537410080432892,0.31959065794944763,347.6852269091776,339.18244423563175,526.3957291704993,0.0,214.80246878796456,619.8328318800689,446.6869897071151,906.9013365523667,0.001220323170163164,446.6869897071151,-99.00176279793754,0.7783643466695744,0.0012203231453895569,-0.25596943497657776,0.001220323170163164
20230427_102715,LP 228-31,4,171.0,1.2238983,17.561712,2200.0,0.24054625630378723,0.09105680882930756,0.3079318106174469,289.86654271819776,323.35607108302185,499.05001717775235,0.0,201.28579945505348,577.8713646214096,418.6909880735125,853.2651144064389,0.0026357790281379065,418.6909880735125,-128.8244453553147,0.6923161734431788,0.0026357783935964108,-0.23791047930717468,0.0026357790281379065
20230508_042003,LP 269-41,3,837.0,0.66077554,14.667074,1646.0,0.341050386428833,0.30814483761787415,0.3367883861064911,78.29211170588736,153.73506696027513,85.56643979213112,0.0,82.13712176038011,128.47077754147472,87.92243192609953,232.8246848707655,0.642651402620235,87.92243192609953,-9.63032022021217,0.890467995376804,0.4539017379283905,0.1128513514995575,0.642651402620235
20230406_114727,LP 279-11,4,268.0,0.662303,16.14424,2200.0,0.34653913974761963,0.07834675163030624,0.43466177582740784,343.7450555146456,193.83870431683192,162.07149515716173,0.0,120.92711366091129,195.99529157378234,149.3765488874631,341.8744418220775,0.3854516080052405,149.3765488874631,194.36850662718254,2.301198267564846,0.38545164465904236,0.03891250491142273,0.3854516080052405
20230508_064002,LP 558-26,3,354.0,0.7809807,15.45405,1646.0,0.14613741636276245,0.2629760503768921,0.4522876739501953,193.3775450078177,176.71017718246566,136.74169829498345,0.0,94.73640187284832,178.35721934255997,122.17911929631639,301.1827722561145,0.4771603280519126,122.17911929631639,71.19842571150132,1.5827380825918909,0.26665928959846497,0.12052187323570251,0.4771603280519126
20230507_063407,Pul -3 910022,3,900.0,0.63921034,14.579796,1646.0,0.2763379216194153,0.36770716309547424,0.416136771440506,92.3711857694951,149.5424425030001,103.8312628275283,0.0,75.88181275953613,102.73356191910308,82.5678376396218,222.3872916836343,0.6680458127474397,82.5678376396218,9.8033481298733,1.118730832853602,0.48643946647644043,0.21010154485702515,0.6680458127474397
20230507_061730,Pul -3 910022,3,925.0,0.6882943,14.591981,1646.0,0.2932613790035248,0.35696911811828613,0.3988110423088074,87.42775014067675,159.05223685725846,107.4692665295469,0.0,84.7580597981316,112.67822646312074,89.25198181284524,238.17549982589352,0.6295754108007371,89.25198181284524,-1.8242316721684944,0.979560883297877,0.4375353157520294,0.14427393674850464,0.6295754108007371
20230507_050211,TYC 3015-369-1,2,1180.0,0.59230614,12.651819,1646.0,0.5500819683074951,0.6502946019172668,0.6835739612579346,58.667165021222395,96.05643605734659,50.30751653271632,0.0,29.69767636796109,61.55355164950661,34.43835010648824,128.17361986794816,0.8745882090106283,34.43835010648824,24.22881491473416,1.7035416865156212,0.7871115207672119,0.2370295524597168,0.8745882090106283
20230507_043928,TYC 3455 460-1,1,1372.0,0.612418,11.31868,1646.0,0.7010918855667114,0.7409574389457703,0.795394778251648,69.92187211739709,60.11374852215037,42.517726589793995,0.0,12.176615966621783,49.87651997252252,19.14340402746289,89.76278213556462,0.936391681402947,19.14340402746289,50.778468089934194,3.652530762924297,0.8892235159873962,0.18813163042068481,0.936391681402947
20230507_053553,TYC 3836-261-1,1,826.0,0.60463774,12.105495,1646.0,0.620639443397522,0.6920901536941528,0.7756386995315552,88.65443710266642,59.47665937077733,60.22744074800347,0.0,12.162234575088382,62.54455221516159,25.02162691230984,105.94601734192887,0.9125108228417821,25.02162691230984,63.63281019035658,3.543112420841479,0.8491179943084717,0.2284785509109497,0.9125108228417821
20230427_115753,Wolf 1409,1,993.0,0.36766383,11.686797,-1.0,-1.0,0.8590577840805054,0.8941584229469299,52.551832414235925,39.29249559924582,38.38285262234419,0.0,6.559784454999396,44.31197216995262,16.506390004702627,70.87824232817891,0.9598511977881102,16.506390004702627,36.045442409533294,3.1837265688781162,,,0.9598511977881102
